date,day,task_kind,task_tag,cxx_topic,py_topic,task,done,time_spent_min,confidence_1to5,notes,review_D+1,review_D+4,review_D+10,review_D+21
2026-02-15,1,summary,,C++：值/引用/指针、const 正确性、对象生命周期（栈/堆）,Python：对象模型、引用计数/GC、可变/不可变,当日目标：C++ 完成 1 个主题+demo；Python 完成 1 个主题+demo；完成 1 次口述复盘。,,,,,2026-02-16,2026-02-19,2026-02-25,2026-03-08
2026-02-15,1,deliverable,C++,C++：值/引用/指针、const 正确性、对象生命周期（栈/堆）,Python：对象模型、引用计数/GC、可变/不可变,"C++：实现一个安全的 `swap(T&,T&)`（含自交换处理），并解释为什么要用 move。",,,,,2026-02-16,2026-02-19,2026-02-25,2026-03-08
2026-02-15,1,deliverable,Python,C++：值/引用/指针、const 正确性、对象生命周期（栈/堆）,Python：对象模型、引用计数/GC、可变/不可变,Python：演示浅拷贝/深拷贝差异（list/dict），写出触发 bug 的例子。,,,,,2026-02-16,2026-02-19,2026-02-25,2026-03-08
2026-02-15,1,deliverable,口述,C++：值/引用/指针、const 正确性、对象生命周期（栈/堆）,Python：对象模型、引用计数/GC、可变/不可变,口述：解释“悬垂引用/野指针”与“Python 变量只是引用”的区别。,,,,,2026-02-16,2026-02-19,2026-02-25,2026-03-08
2026-02-16,2,summary,,C++：RAII、异常安全（basic/strong/no-throw）,Python：异常层级、异常链、finally/with 的保证,当日目标：C++ 完成 1 个主题+demo；Python 完成 1 个主题+demo；完成 1 次口述复盘。,,,,,2026-02-17,2026-02-20,2026-02-26,2026-03-09
2026-02-16,2,deliverable,C++,C++：RAII、异常安全（basic/strong/no-throw）,Python：异常层级、异常链、finally/with 的保证,C++：写一个 `FileGuard`/`LockGuard`（手写 RAII），讲 strong guarantee 怎么做。,,,,,2026-02-17,2026-02-20,2026-02-26,2026-03-09
2026-02-16,2,deliverable,Python,C++：RAII、异常安全（basic/strong/no-throw）,Python：异常层级、异常链、finally/with 的保证,Python：写一个 contextmanager（`__enter__/__exit__`），模拟资源释放。,,,,,2026-02-17,2026-02-20,2026-02-26,2026-03-09
2026-02-16,2,review,D-1,复习 Day 1,复习 Day 1,闭卷口述 Day 1：C++ 1 个点 + Python 1 个点（各 2 分钟）。,,10,,,,,,
2026-02-17,3,summary,,C++：Rule of 0/3/5、拷贝/移动语义,Python：数据模型（`__repr__`/`__eq__`/`__hash__`）,当日目标：C++ 完成 1 个主题+demo；Python 完成 1 个主题+demo；完成 1 次口述复盘。,,,,,2026-02-18,2026-02-21,2026-02-27,2026-03-10
2026-02-17,3,deliverable,C++,C++：Rule of 0/3/5、拷贝/移动语义,Python：数据模型（`__repr__`/`__eq__`/`__hash__`）,C++：实现一个拥有动态数组的类（含 move ctor/assign），解释自定义与默认生成的区别。,,,,,2026-02-18,2026-02-21,2026-02-27,2026-03-10
2026-02-17,3,deliverable,Python,C++：Rule of 0/3/5、拷贝/移动语义,Python：数据模型（`__repr__`/`__eq__`/`__hash__`）,Python：实现可放入 set/dict 的自定义类（正确的 hash/eq 组合）。,,,,,2026-02-18,2026-02-21,2026-02-27,2026-03-10
2026-02-17,3,review,D-1,复习 Day 2,复习 Day 2,闭卷口述 Day 2：C++ 1 个点 + Python 1 个点（各 2 分钟）。,,10,,,,,,
2026-02-18,4,summary,,C++：智能指针（unique/shared/weak）与循环引用,Python：引用循环与 GC、weakref,当日目标：C++ 完成 1 个主题+demo；Python 完成 1 个主题+demo；完成 1 次口述复盘。,,,,,2026-02-19,2026-02-22,2026-02-28,2026-03-11
2026-02-18,4,deliverable,C++,C++：智能指针（unique/shared/weak）与循环引用,Python：引用循环与 GC、weakref,C++：画出 shared_ptr 循环引用，改用 weak_ptr 修复，并说明何时用 shared_ptr。,,,,,2026-02-19,2026-02-22,2026-02-28,2026-03-11
2026-02-18,4,deliverable,Python,C++：智能指针（unique/shared/weak）与循环引用,Python：引用循环与 GC、weakref,Python：写一个互相引用的对象，解释为什么需要 cyclic GC；用 weakref 改写。,,,,,2026-02-19,2026-02-22,2026-02-28,2026-03-11
2026-02-18,4,review,D-1,复习 Day 3,复习 Day 3,闭卷口述 Day 3：C++ 1 个点 + Python 1 个点（各 2 分钟）。,,10,,,,,,
2026-02-19,5,summary,,C++：STL string/vector 的内存与复杂度；迭代器失效,Python：list/tuple/str 的特性与复杂度；切片成本,当日目标：C++ 完成 1 个主题+demo；Python 完成 1 个主题+demo；完成 1 次口述复盘。,,,,,2026-02-20,2026-02-23,2026-03-01,2026-03-12
2026-02-19,5,deliverable,C++,C++：STL string/vector 的内存与复杂度；迭代器失效,Python：list/tuple/str 的特性与复杂度；切片成本,C++：总结 vector 扩容策略对引用/指针/迭代器的影响，写 3 个面试问答。,,,,,2026-02-20,2026-02-23,2026-03-01,2026-03-12
2026-02-19,5,deliverable,Python,C++：STL string/vector 的内存与复杂度；迭代器失效,Python：list/tuple/str 的特性与复杂度；切片成本,"Python：对比 `"""".join` vs `+=` 拼接字符串，写 micro-benchmark（可选）。",,,,,2026-02-20,2026-02-23,2026-03-01,2026-03-12
2026-02-19,5,review,D-1,复习 Day 4,复习 Day 4,闭卷口述 Day 4：C++ 1 个点 + Python 1 个点（各 2 分钟）。,,10,,,,,,
2026-02-19,5,review,D-4,复习 Day 1,复习 Day 1,闭卷重写 Day 1 的一个 demo（可运行最小版本）。,,20,,,,,,
2026-02-20,6,summary,,C++：函数重载/模板基础、auto/decltype、范围 for,Python：函数对象、闭包、LEGB、默认参数坑,当日目标：C++ 完成 1 个主题+demo；Python 完成 1 个主题+demo；完成 1 次口述复盘。,,,,,2026-02-21,2026-02-24,2026-03-02,2026-03-13
2026-02-20,6,deliverable,C++,C++：函数重载/模板基础、auto/decltype、范围 for,Python：函数对象、闭包、LEGB、默认参数坑,C++：写 5 个 decltype/auto 推导小题并解释规则。,,,,,2026-02-21,2026-02-24,2026-03-02,2026-03-13
2026-02-20,6,deliverable,Python,C++：函数重载/模板基础、auto/decltype、范围 for,Python：函数对象、闭包、LEGB、默认参数坑,Python：展示默认参数为可变对象的 bug，并给出正确写法。,,,,,2026-02-21,2026-02-24,2026-03-02,2026-03-13
2026-02-20,6,review,D-1,复习 Day 5,复习 Day 5,闭卷口述 Day 5：C++ 1 个点 + Python 1 个点（各 2 分钟）。,,10,,,,,,
2026-02-20,6,review,D-4,复习 Day 2,复习 Day 2,闭卷重写 Day 2 的一个 demo（可运行最小版本）。,,20,,,,,,
2026-02-21,7,summary,,周复盘：把本周 C++/Python 各写 10 个 Q&A（口述能答）,周复盘：整理“最常踩坑 TOP10”清单,当日目标：C++ 完成 1 个主题+demo；Python 完成 1 个主题+demo；完成 1 次口述复盘。,,,,,2026-02-22,2026-02-25,2026-03-03,2026-03-14
2026-02-21,7,deliverable,模拟面试,周复盘：把本周 C++/Python 各写 10 个 Q&A（口述能答）,周复盘：整理“最常踩坑 TOP10”清单,模拟面试 30min：对着计时器回答（每题 2 分钟）：RAII/异常安全/拷贝移动/GC/默认参数坑。,,,,,2026-02-22,2026-02-25,2026-03-03,2026-03-14
2026-02-21,7,deliverable,,周复盘：把本周 C++/Python 各写 10 个 Q&A（口述能答）,周复盘：整理“最常踩坑 TOP10”清单,补齐：把没写完的 demo 跑通。,,,,,2026-02-22,2026-02-25,2026-03-03,2026-03-14
2026-02-21,7,review,D-1,复习 Day 6,复习 Day 6,闭卷口述 Day 6：C++ 1 个点 + Python 1 个点（各 2 分钟）。,,10,,,,,,
2026-02-21,7,review,D-4,复习 Day 3,复习 Day 3,闭卷重写 Day 3 的一个 demo（可运行最小版本）。,,20,,,,,,
2026-02-22,8,summary,,C++：unordered_map/map 的选择、hash 与性能,Python：dict 底层思想、哈希、冲突与性能直觉,当日目标：C++ 完成 1 个主题+demo；Python 完成 1 个主题+demo；完成 1 次口述复盘。,,,,,2026-02-23,2026-02-26,2026-03-04,2026-03-15
2026-02-22,8,deliverable,C++,C++：unordered_map/map 的选择、hash 与性能,Python：dict 底层思想、哈希、冲突与性能直觉,C++：实现一个简单 LRU（list + unordered_map），强调迭代器复用。,,,,,2026-02-23,2026-02-26,2026-03-04,2026-03-15
2026-02-22,8,deliverable,Python,C++：unordered_map/map 的选择、hash 与性能,Python：dict 底层思想、哈希、冲突与性能直觉,Python：用 `OrderedDict`/手写双向链表实现 LRU（任选其一）。,,,,,2026-02-23,2026-02-26,2026-03-04,2026-03-15
2026-02-22,8,review,D-1,复习 Day 7,复习 Day 7,闭卷口述 Day 7：C++ 1 个点 + Python 1 个点（各 2 分钟）。,,10,,,,,,
2026-02-22,8,review,D-4,复习 Day 4,复习 Day 4,闭卷重写 Day 4 的一个 demo（可运行最小版本）。,,20,,,,,,
2026-02-23,9,summary,,C++：算法库（sort/lower_bound）+ 比较器陷阱,Python：sorted/key/cmp_to_key + 稳定排序,当日目标：C++ 完成 1 个主题+demo；Python 完成 1 个主题+demo；完成 1 次口述复盘。,,,,,2026-02-24,2026-02-27,2026-03-05,2026-03-16
2026-02-23,9,deliverable,C++,C++：算法库（sort/lower_bound）+ 比较器陷阱,Python：sorted/key/cmp_to_key + 稳定排序,C++：写一个自定义比较器，解释 strict-weak-ordering；给出违反导致 UB 的例子。,,,,,2026-02-24,2026-02-27,2026-03-05,2026-03-16
2026-02-23,9,deliverable,Python,C++：算法库（sort/lower_bound）+ 比较器陷阱,Python：sorted/key/cmp_to_key + 稳定排序,Python：用 key 实现多关键字排序，并解释稳定性带来的效果。,,,,,2026-02-24,2026-02-27,2026-03-05,2026-03-16
2026-02-23,9,review,D-1,复习 Day 8,复习 Day 8,闭卷口述 Day 8：C++ 1 个点 + Python 1 个点（各 2 分钟）。,,10,,,,,,
2026-02-23,9,review,D-4,复习 Day 5,复习 Day 5,闭卷重写 Day 5 的一个 demo（可运行最小版本）。,,20,,,,,,
2026-02-24,10,summary,,C++：内存对齐、padding、结构体布局、cache 友好,Python：内存视角（对象头、list of pointers），何时用 array/numpy（概念即可）,当日目标：C++ 完成 1 个主题+demo；Python 完成 1 个主题+demo；完成 1 次口述复盘。,,,,,2026-02-25,2026-02-28,2026-03-06,2026-03-17
2026-02-24,10,deliverable,C++,C++：内存对齐、padding、结构体布局、cache 友好,Python：内存视角（对象头、list of pointers），何时用 array/numpy（概念即可）,C++：画出 struct 的内存布局，演示 `sizeof` 差异；解释 false sharing（概念）。,,,,,2026-02-25,2026-02-28,2026-03-06,2026-03-17
2026-02-24,10,deliverable,Python,C++：内存对齐、padding、结构体布局、cache 友好,Python：内存视角（对象头、list of pointers），何时用 array/numpy（概念即可）,Python：解释为什么 Python 列表对 CPU cache 不友好；给出优化思路。,,,,,2026-02-25,2026-02-28,2026-03-06,2026-03-17
2026-02-24,10,review,D-1,复习 Day 9,复习 Day 9,闭卷口述 Day 9：C++ 1 个点 + Python 1 个点（各 2 分钟）。,,10,,,,,,
2026-02-24,10,review,D-4,复习 Day 6,复习 Day 6,闭卷重写 Day 6 的一个 demo（可运行最小版本）。,,20,,,,,,
2026-02-25,11,summary,,C++：lambda、捕获、std::function vs 模板,Python：lambda/闭包、装饰器基础,当日目标：C++ 完成 1 个主题+demo；Python 完成 1 个主题+demo；完成 1 次口述复盘。,,,,,2026-02-26,2026-03-01,2026-03-07,2026-03-18
2026-02-25,11,deliverable,C++,C++：lambda、捕获、std::function vs 模板,Python：lambda/闭包、装饰器基础,C++：写一个回调接口：分别用模板与 std::function 实现，比较开销与可用性。,,,,,2026-02-26,2026-03-01,2026-03-07,2026-03-18
2026-02-25,11,deliverable,Python,C++：lambda、捕获、std::function vs 模板,Python：lambda/闭包、装饰器基础,Python：写一个计时装饰器（保留函数签名用 functools.wraps）。,,,,,2026-02-26,2026-03-01,2026-03-07,2026-03-18
2026-02-25,11,review,D-1,复习 Day 10,复习 Day 10,闭卷口述 Day 10：C++ 1 个点 + Python 1 个点（各 2 分钟）。,,10,,,,,,
2026-02-25,11,review,D-4,复习 Day 7,复习 Day 7,闭卷重写 Day 7 的一个 demo（可运行最小版本）。,,20,,,,,,
2026-02-26,12,summary,,C++：I/O、string_view、避免拷贝,Python：IO、编码、bytes/str 区别,当日目标：C++ 完成 1 个主题+demo；Python 完成 1 个主题+demo；完成 1 次口述复盘。,,,,,2026-02-27,2026-03-02,2026-03-08,2026-03-19
2026-02-26,12,deliverable,C++,C++：I/O、string_view、避免拷贝,Python：IO、编码、bytes/str 区别,C++：实现一个函数接受 string_view 并正确处理临时对象生命周期（讲清楚）。,,,,,2026-02-27,2026-03-02,2026-03-08,2026-03-19
2026-02-26,12,deliverable,Python,C++：I/O、string_view、避免拷贝,Python：IO、编码、bytes/str 区别,Python：写一个处理 utf-8 的小例子，解释 encode/decode 常见 bug。,,,,,2026-02-27,2026-03-02,2026-03-08,2026-03-19
2026-02-26,12,review,D-1,复习 Day 11,复习 Day 11,闭卷口述 Day 11：C++ 1 个点 + Python 1 个点（各 2 分钟）。,,10,,,,,,
2026-02-26,12,review,D-4,复习 Day 8,复习 Day 8,闭卷重写 Day 8 的一个 demo（可运行最小版本）。,,20,,,,,,
2026-02-27,13,summary,,C++：单元测试思维（断言、边界、property）,Python：pytest 思维（fixture/parametrize）,当日目标：C++ 完成 1 个主题+demo；Python 完成 1 个主题+demo；完成 1 次口述复盘。,,,,,2026-02-28,2026-03-03,2026-03-09,2026-03-20
2026-02-27,13,deliverable,C++,C++：单元测试思维（断言、边界、property）,Python：pytest 思维（fixture/parametrize）,C++：为 LRU 写 6 个边界测试用例（不用框架也行）。,,,,,2026-02-28,2026-03-03,2026-03-09,2026-03-20
2026-02-27,13,deliverable,Python,C++：单元测试思维（断言、边界、property）,Python：pytest 思维（fixture/parametrize）,Python：为 LRU 写 parametrize 测试用例（写出表驱动）。,,,,,2026-02-28,2026-03-03,2026-03-09,2026-03-20
2026-02-27,13,review,D-1,复习 Day 12,复习 Day 12,闭卷口述 Day 12：C++ 1 个点 + Python 1 个点（各 2 分钟）。,,10,,,,,,
2026-02-27,13,review,D-4,复习 Day 9,复习 Day 9,闭卷重写 Day 9 的一个 demo（可运行最小版本）。,,20,,,,,,
2026-02-28,14,summary,,周复盘：容器/复杂度/迭代器失效/排序比较器,周复盘：dict/list/装饰器/测试,当日目标：C++ 完成 1 个主题+demo；Python 完成 1 个主题+demo；完成 1 次口述复盘。,,,,,2026-03-01,2026-03-04,2026-03-10,2026-03-21
2026-02-28,14,deliverable,模拟面试,周复盘：容器/复杂度/迭代器失效/排序比较器,周复盘：dict/list/装饰器/测试,模拟面试 45min：现场实现 LRU（任选 C++ 或 Python），另一个语言口述思路。,,,,,2026-03-01,2026-03-04,2026-03-10,2026-03-21
2026-02-28,14,review,D-1,复习 Day 13,复习 Day 13,闭卷口述 Day 13：C++ 1 个点 + Python 1 个点（各 2 分钟）。,,10,,,,,,
2026-02-28,14,review,D-4,复习 Day 10,复习 Day 10,闭卷重写 Day 10 的一个 demo（可运行最小版本）。,,20,,,,,,
2026-03-01,15,summary,,C++：面向对象：虚函数表、override/final、对象切片,Python：OOP、MRO、super、多继承坑,当日目标：C++ 完成 1 个主题+demo；Python 完成 1 个主题+demo；完成 1 次口述复盘。,,,,,2026-03-02,2026-03-05,2026-03-11,2026-03-22
2026-03-01,15,deliverable,C++,C++：面向对象：虚函数表、override/final、对象切片,Python：OOP、MRO、super、多继承坑,C++：写一个基类指针删除派生类对象的例子，讲虚析构函数必要性。,,,,,2026-03-02,2026-03-05,2026-03-11,2026-03-22
2026-03-01,15,deliverable,Python,C++：面向对象：虚函数表、override/final、对象切片,Python：OOP、MRO、super、多继承坑,Python：演示菱形继承的 MRO，解释 super() 的调用链。,,,,,2026-03-02,2026-03-05,2026-03-11,2026-03-22
2026-03-01,15,review,D-1,复习 Day 14,复习 Day 14,闭卷口述 Day 14：C++ 1 个点 + Python 1 个点（各 2 分钟）。,,10,,,,,,
2026-03-01,15,review,D-4,复习 Day 11,复习 Day 11,闭卷重写 Day 11 的一个 demo（可运行最小版本）。,,20,,,,,,
2026-03-02,16,summary,,C++：模板进阶：SFINAE/概念（concepts）直觉,Python：typing（泛型、Protocol、Optional）、类型检查的价值,当日目标：C++ 完成 1 个主题+demo；Python 完成 1 个主题+demo；完成 1 次口述复盘。,,,,,2026-03-03,2026-03-06,2026-03-12,2026-03-23
2026-03-02,16,deliverable,C++,C++：模板进阶：SFINAE/概念（concepts）直觉,Python：typing（泛型、Protocol、Optional）、类型检查的价值,C++：写一个 enable_if/概念约束的函数重载（最小示例）。,,,,,2026-03-03,2026-03-06,2026-03-12,2026-03-23
2026-03-02,16,deliverable,Python,C++：模板进阶：SFINAE/概念（concepts）直觉,Python：typing（泛型、Protocol、Optional）、类型检查的价值,Python：给一个小模块加 typing，跑 mypy（可选，只写类型也行）。,,,,,2026-03-03,2026-03-06,2026-03-12,2026-03-23
2026-03-02,16,review,D-1,复习 Day 15,复习 Day 15,闭卷口述 Day 15：C++ 1 个点 + Python 1 个点（各 2 分钟）。,,10,,,,,,
2026-03-02,16,review,D-4,复习 Day 12,复习 Day 12,闭卷重写 Day 12 的一个 demo（可运行最小版本）。,,20,,,,,,
2026-03-03,17,summary,,C++：编译/链接：头文件、ODR、inline、静态库/动态库概念,Python：模块/包、import 机制、相对导入、虚拟环境,当日目标：C++ 完成 1 个主题+demo；Python 完成 1 个主题+demo；完成 1 次口述复盘。,,,,,2026-03-04,2026-03-07,2026-03-13,2026-03-24
2026-03-03,17,deliverable,C++,C++：编译/链接：头文件、ODR、inline、静态库/动态库概念,Python：模块/包、import 机制、相对导入、虚拟环境,C++：解释“为什么模板要放头文件”；给出 ODR 违规的例子。,,,,,2026-03-04,2026-03-07,2026-03-13,2026-03-24
2026-03-03,17,deliverable,Python,C++：编译/链接：头文件、ODR、inline、静态库/动态库概念,Python：模块/包、import 机制、相对导入、虚拟环境,Python：解释 import 缓存、sys.path；写一个包结构示例（树状）。,,,,,2026-03-04,2026-03-07,2026-03-13,2026-03-24
2026-03-03,17,review,D-1,复习 Day 16,复习 Day 16,闭卷口述 Day 16：C++ 1 个点 + Python 1 个点（各 2 分钟）。,,10,,,,,,
2026-03-03,17,review,D-4,复习 Day 13,复习 Day 13,闭卷重写 Day 13 的一个 demo（可运行最小版本）。,,20,,,,,,
2026-03-04,18,summary,,C++：错误处理：异常 vs 返回码；可恢复/不可恢复,Python：异常设计：自定义异常、错误边界,当日目标：C++ 完成 1 个主题+demo；Python 完成 1 个主题+demo；完成 1 次口述复盘。,,,,,2026-03-05,2026-03-08,2026-03-14,2026-03-25
2026-03-04,18,deliverable,C++,C++：错误处理：异常 vs 返回码；可恢复/不可恢复,Python：异常设计：自定义异常、错误边界,C++：给一个 API 设计：哪些用异常，哪些用 expected/optional（口述）。,,,,,2026-03-05,2026-03-08,2026-03-14,2026-03-25
2026-03-04,18,deliverable,Python,C++：错误处理：异常 vs 返回码；可恢复/不可恢复,Python：异常设计：自定义异常、错误边界,Python：设计 2 个自定义异常并在调用端处理（演示异常链）。,,,,,2026-03-05,2026-03-08,2026-03-14,2026-03-25
2026-03-04,18,review,D-1,复习 Day 17,复习 Day 17,闭卷口述 Day 17：C++ 1 个点 + Python 1 个点（各 2 分钟）。,,10,,,,,,
2026-03-04,18,review,D-4,复习 Day 14,复习 Day 14,闭卷重写 Day 14 的一个 demo（可运行最小版本）。,,20,,,,,,
2026-03-05,19,summary,,C++：泛型容器与所有权：span、string_view、生命周期,Python：迭代器协议、生成器、yield from,当日目标：C++ 完成 1 个主题+demo；Python 完成 1 个主题+demo；完成 1 次口述复盘。,,,,,2026-03-06,2026-03-09,2026-03-15,2026-03-26
2026-03-05,19,deliverable,C++,C++：泛型容器与所有权：span、string_view、生命周期,Python：迭代器协议、生成器、yield from,C++：写一个接受 span 的函数并解释其不拥有数据。,,,,,2026-03-06,2026-03-09,2026-03-15,2026-03-26
2026-03-05,19,deliverable,Python,C++：泛型容器与所有权：span、string_view、生命周期,Python：迭代器协议、生成器、yield from,Python：写一个生成器管道（读取→过滤→映射），解释惰性求值好处。,,,,,2026-03-06,2026-03-09,2026-03-15,2026-03-26
2026-03-05,19,review,D-1,复习 Day 18,复习 Day 18,闭卷口述 Day 18：C++ 1 个点 + Python 1 个点（各 2 分钟）。,,10,,,,,,
2026-03-05,19,review,D-4,复习 Day 15,复习 Day 15,闭卷重写 Day 15 的一个 demo（可运行最小版本）。,,20,,,,,,
2026-03-06,20,summary,,C++：常见 UB 清单（越界/悬垂/未初始化/数据竞争）,Python：常见坑清单（可变默认参数、浅拷贝、闭包 late-binding）,当日目标：C++ 完成 1 个主题+demo；Python 完成 1 个主题+demo；完成 1 次口述复盘。,,,,,2026-03-07,2026-03-10,2026-03-16,2026-03-27
2026-03-06,20,deliverable,各写,C++：常见 UB 清单（越界/悬垂/未初始化/数据竞争）,Python：常见坑清单（可变默认参数、浅拷贝、闭包 late-binding）,各写 10 条“触发条件→后果→规避方法”。,,,,,2026-03-07,2026-03-10,2026-03-16,2026-03-27
2026-03-06,20,review,D-1,复习 Day 19,复习 Day 19,闭卷口述 Day 19：C++ 1 个点 + Python 1 个点（各 2 分钟）。,,10,,,,,,
2026-03-06,20,review,D-4,复习 Day 16,复习 Day 16,闭卷重写 Day 16 的一个 demo（可运行最小版本）。,,20,,,,,,
2026-03-07,21,summary,,周复盘：OOP/模板/构建与包管理,周复盘：typing/生成器/异常设计,当日目标：C++ 完成 1 个主题+demo；Python 完成 1 个主题+demo；完成 1 次口述复盘。,,,,,2026-03-08,2026-03-11,2026-03-17,2026-03-28
2026-03-07,21,deliverable,模拟面试,周复盘：OOP/模板/构建与包管理,周复盘：typing/生成器/异常设计,模拟面试 60min：两语言各 30min（问答+手写一个小 demo）。,,,,,2026-03-08,2026-03-11,2026-03-17,2026-03-28
2026-03-07,21,review,D-1,复习 Day 20,复习 Day 20,闭卷口述 Day 20：C++ 1 个点 + Python 1 个点（各 2 分钟）。,,10,,,,,,
2026-03-07,21,review,D-4,复习 Day 17,复习 Day 17,闭卷重写 Day 17 的一个 demo（可运行最小版本）。,,20,,,,,,
2026-03-08,22,summary,,C++：std::thread、join/detach、RAII thread,Python：threading 与 GIL：适用场景,当日目标：C++ 完成 1 个主题+demo；Python 完成 1 个主题+demo；完成 1 次口述复盘。,,,,,2026-03-09,2026-03-12,2026-03-18,2026-03-29
2026-03-08,22,deliverable,C++,C++：std::thread、join/detach、RAII thread,Python：threading 与 GIL：适用场景,C++：写一个 ThreadGuard（析构 join），解释异常安全。,,,,,2026-03-09,2026-03-12,2026-03-18,2026-03-29
2026-03-08,22,deliverable,Python,C++：std::thread、join/detach、RAII thread,Python：threading 与 GIL：适用场景,Python：写一个多线程 I/O demo，解释为什么 CPU 密集不加速。,,,,,2026-03-09,2026-03-12,2026-03-18,2026-03-29
2026-03-08,22,review,D-1,复习 Day 21,复习 Day 21,闭卷口述 Day 21：C++ 1 个点 + Python 1 个点（各 2 分钟）。,,10,,,,,,
2026-03-08,22,review,D-4,复习 Day 18,复习 Day 18,闭卷重写 Day 18 的一个 demo（可运行最小版本）。,,20,,,,,,
2026-03-09,23,summary,,C++：mutex/lock_guard/unique_lock、死锁与规避,Python：multiprocessing、进程间通信基础,当日目标：C++ 完成 1 个主题+demo；Python 完成 1 个主题+demo；完成 1 次口述复盘。,,,,,2026-03-10,2026-03-13,2026-03-19,2026-03-30
2026-03-09,23,deliverable,C++,C++：mutex/lock_guard/unique_lock、死锁与规避,Python：multiprocessing、进程间通信基础,C++：实现线程安全队列（mutex + condition_variable）。,,,,,2026-03-10,2026-03-13,2026-03-19,2026-03-30
2026-03-09,23,deliverable,Python,C++：mutex/lock_guard/unique_lock、死锁与规避,Python：multiprocessing、进程间通信基础,Python：实现多进程 map（Pool）并解释启动方式差异（概念）。,,,,,2026-03-10,2026-03-13,2026-03-19,2026-03-30
2026-03-09,23,review,D-1,复习 Day 22,复习 Day 22,闭卷口述 Day 22：C++ 1 个点 + Python 1 个点（各 2 分钟）。,,10,,,,,,
2026-03-09,23,review,D-4,复习 Day 19,复习 Day 19,闭卷重写 Day 19 的一个 demo（可运行最小版本）。,,20,,,,,,
2026-03-10,24,summary,,C++：atomic、内存序（只要能讲清 acquire/release）,Python：asyncio 基础：event loop、await、任务调度,当日目标：C++ 完成 1 个主题+demo；Python 完成 1 个主题+demo；完成 1 次口述复盘。,,,,,2026-03-11,2026-03-14,2026-03-20,2026-03-31
2026-03-10,24,deliverable,C++,C++：atomic、内存序（只要能讲清 acquire/release）,Python：asyncio 基础：event loop、await、任务调度,C++：解释为什么 data race 是 UB；给出用 atomic 修复的最小例子。,,,,,2026-03-11,2026-03-14,2026-03-20,2026-03-31
2026-03-10,24,deliverable,Python,C++：atomic、内存序（只要能讲清 acquire/release）,Python：asyncio 基础：event loop、await、任务调度,Python：写一个并发抓取/睡眠 demo（gather + semaphore）。,,,,,2026-03-11,2026-03-14,2026-03-20,2026-03-31
2026-03-10,24,review,D-1,复习 Day 23,复习 Day 23,闭卷口述 Day 23：C++ 1 个点 + Python 1 个点（各 2 分钟）。,,10,,,,,,
2026-03-10,24,review,D-4,复习 Day 20,复习 Day 20,闭卷重写 Day 20 的一个 demo（可运行最小版本）。,,20,,,,,,
2026-03-11,25,summary,,C++：性能：拷贝省略、move、small object、profiling 思维,Python：性能：避免全局查找、局部变量、list comprehension、profiling,当日目标：C++ 完成 1 个主题+demo；Python 完成 1 个主题+demo；完成 1 次口述复盘。,,,,,2026-03-12,2026-03-15,2026-03-21,2026-04-01
2026-03-11,25,deliverable,各写,C++：性能：拷贝省略、move、small object、profiling 思维,Python：性能：避免全局查找、局部变量、list comprehension、profiling,各写 3 条“你会怎么优化这段代码”的面试回答模板。,,,,,2026-03-12,2026-03-15,2026-03-21,2026-04-01
2026-03-11,25,review,D-1,复习 Day 24,复习 Day 24,闭卷口述 Day 24：C++ 1 个点 + Python 1 个点（各 2 分钟）。,,10,,,,,,
2026-03-11,25,review,D-4,复习 Day 21,复习 Day 21,闭卷重写 Day 21 的一个 demo（可运行最小版本）。,,20,,,,,,
2026-03-12,26,summary,,C++：内存泄漏定位、ASan/UBSan/Valgrind 思路（概念）,Python：调试与剖析：logging、pdb、cProfile（概念+小 demo）,当日目标：C++ 完成 1 个主题+demo；Python 完成 1 个主题+demo；完成 1 次口述复盘。,,,,,2026-03-13,2026-03-16,2026-03-22,2026-04-02
2026-03-12,26,deliverable,C++,C++：内存泄漏定位、ASan/UBSan/Valgrind 思路（概念）,Python：调试与剖析：logging、pdb、cProfile（概念+小 demo）,C++：解释 ASan 能抓什么，不能抓什么。,,,,,2026-03-13,2026-03-16,2026-03-22,2026-04-02
2026-03-12,26,deliverable,Python,C++：内存泄漏定位、ASan/UBSan/Valgrind 思路（概念）,Python：调试与剖析：logging、pdb、cProfile（概念+小 demo）,Python：写一个带 logging 的小模块（分级别/格式/traceback）。,,,,,2026-03-13,2026-03-16,2026-03-22,2026-04-02
2026-03-12,26,review,D-1,复习 Day 25,复习 Day 25,闭卷口述 Day 25：C++ 1 个点 + Python 1 个点（各 2 分钟）。,,10,,,,,,
2026-03-12,26,review,D-4,复习 Day 22,复习 Day 22,闭卷重写 Day 22 的一个 demo（可运行最小版本）。,,20,,,,,,
2026-03-13,27,summary,,C++：并发面试题串讲：生产者消费者/读写锁/无锁直觉,Python：async vs thread vs process 选择题串讲,当日目标：C++ 完成 1 个主题+demo；Python 完成 1 个主题+demo；完成 1 次口述复盘。,,,,,2026-03-14,2026-03-17,2026-03-23,2026-04-03
2026-03-13,27,deliverable,,C++：并发面试题串讲：生产者消费者/读写锁/无锁直觉,Python：async vs thread vs process 选择题串讲,准备 8 个“场景题”：给场景→选模型→解释理由与坑。,,,,,2026-03-14,2026-03-17,2026-03-23,2026-04-03
2026-03-13,27,review,D-1,复习 Day 26,复习 Day 26,闭卷口述 Day 26：C++ 1 个点 + Python 1 个点（各 2 分钟）。,,10,,,,,,
2026-03-13,27,review,D-4,复习 Day 23,复习 Day 23,闭卷重写 Day 23 的一个 demo（可运行最小版本）。,,20,,,,,,
2026-03-14,28,summary,,周复盘：并发与性能专题,周复盘：asyncio + GIL 专题,当日目标：C++ 完成 1 个主题+demo；Python 完成 1 个主题+demo；完成 1 次口述复盘。,,,,,2026-03-15,2026-03-18,2026-03-24,2026-04-04
2026-03-14,28,deliverable,模拟面试,周复盘：并发与性能专题,周复盘：asyncio + GIL 专题,模拟面试：实现线程安全队列（C++）+ 实现 async 限流（Python）。,,,,,2026-03-15,2026-03-18,2026-03-24,2026-04-04
2026-03-14,28,review,D-1,复习 Day 27,复习 Day 27,闭卷口述 Day 27：C++ 1 个点 + Python 1 个点（各 2 分钟）。,,10,,,,,,
2026-03-14,28,review,D-4,复习 Day 24,复习 Day 24,闭卷重写 Day 24 的一个 demo（可运行最小版本）。,,20,,,,,,
2026-03-15,29,summary,,C++：工程：CMake/编译选项/O2 与调试符号（概念）,Python：工程：venv/依赖锁/pyproject/打包发布（概念）,当日目标：C++ 完成 1 个主题+demo；Python 完成 1 个主题+demo；完成 1 次口述复盘。,,,,,2026-03-16,2026-03-19,2026-03-25,2026-04-05
2026-03-15,29,deliverable,各写,C++：工程：CMake/编译选项/O2 与调试符号（概念）,Python：工程：venv/依赖锁/pyproject/打包发布（概念）,各写一个“项目从 0 到 1 如何组织”的回答（目录结构+依赖+测试+CI）。,,,,,2026-03-16,2026-03-19,2026-03-25,2026-04-05
2026-03-15,29,review,D-1,复习 Day 28,复习 Day 28,闭卷口述 Day 28：C++ 1 个点 + Python 1 个点（各 2 分钟）。,,10,,,,,,
2026-03-15,29,review,D-4,复习 Day 25,复习 Day 25,闭卷重写 Day 25 的一个 demo（可运行最小版本）。,,20,,,,,,
2026-03-16,30,summary,,C++：日志与可观测性：结构化日志、指标、trace（概念）,Python：FastAPI/服务端常问点（路由、中间件、异常处理，概念）,当日目标：C++ 完成 1 个主题+demo；Python 完成 1 个主题+demo；完成 1 次口述复盘。,,,,,2026-03-17,2026-03-20,2026-03-26,2026-04-06
2026-03-16,30,deliverable,,C++：日志与可观测性：结构化日志、指标、trace（概念）,Python：FastAPI/服务端常问点（路由、中间件、异常处理，概念）,写一个“线上问题排查流程”模板（从现象→指标→日志→复现→修复）。,,,,,2026-03-17,2026-03-20,2026-03-26,2026-04-06
2026-03-16,30,review,D-1,复习 Day 29,复习 Day 29,闭卷口述 Day 29：C++ 1 个点 + Python 1 个点（各 2 分钟）。,,10,,,,,,
2026-03-16,30,review,D-4,复习 Day 26,复习 Day 26,闭卷重写 Day 26 的一个 demo（可运行最小版本）。,,20,,,,,,
2026-03-17,31,summary,,C++：网络基础：TCP/UDP、粘包、超时、重试（概念）,Python：requests/httpx、重试/超时/连接池（概念+小 demo）,当日目标：C++ 完成 1 个主题+demo；Python 完成 1 个主题+demo；完成 1 次口述复盘。,,,,,2026-03-18,2026-03-21,2026-03-27,2026-04-07
2026-03-17,31,deliverable,把,C++：网络基础：TCP/UDP、粘包、超时、重试（概念）,Python：requests/httpx、重试/超时/连接池（概念+小 demo）,把“超时/重试/幂等”讲清楚：什么时候重试，怎么避免雪崩。,,,,,2026-03-18,2026-03-21,2026-03-27,2026-04-07
2026-03-17,31,review,D-1,复习 Day 30,复习 Day 30,闭卷口述 Day 30：C++ 1 个点 + Python 1 个点（各 2 分钟）。,,10,,,,,,
2026-03-17,31,review,D-4,复习 Day 27,复习 Day 27,闭卷重写 Day 27 的一个 demo（可运行最小版本）。,,20,,,,,,
2026-03-18,32,summary,,C++：序列化：JSON/二进制、拷贝与零拷贝（概念）,Python：json/msgpack、pydantic（概念）,当日目标：C++ 完成 1 个主题+demo；Python 完成 1 个主题+demo；完成 1 次口述复盘。,,,,,2026-03-19,2026-03-22,2026-03-28,2026-04-08
2026-03-18,32,deliverable,,C++：序列化：JSON/二进制、拷贝与零拷贝（概念）,Python：json/msgpack、pydantic（概念）,写一个“接口数据模型如何演进（兼容性）”的回答。,,,,,2026-03-19,2026-03-22,2026-03-28,2026-04-08
2026-03-18,32,review,D-1,复习 Day 31,复习 Day 31,闭卷口述 Day 31：C++ 1 个点 + Python 1 个点（各 2 分钟）。,,10,,,,,,
2026-03-18,32,review,D-4,复习 Day 28,复习 Day 28,闭卷重写 Day 28 的一个 demo（可运行最小版本）。,,20,,,,,,
2026-03-19,33,summary,,C++：代码规范：命名/const/异常边界/头文件依赖,Python：代码规范：PEP8、类型注解、lint/format,当日目标：C++ 完成 1 个主题+demo；Python 完成 1 个主题+demo；完成 1 次口述复盘。,,,,,2026-03-20,2026-03-23,2026-03-29,2026-04-09
2026-03-19,33,deliverable,,C++：代码规范：命名/const/异常边界/头文件依赖,Python：代码规范：PEP8、类型注解、lint/format,从你的任意一段代码里挑 20 行做重构（可读性/错误处理）。,,,,,2026-03-20,2026-03-23,2026-03-29,2026-04-09
2026-03-19,33,review,D-1,复习 Day 32,复习 Day 32,闭卷口述 Day 32：C++ 1 个点 + Python 1 个点（各 2 分钟）。,,10,,,,,,
2026-03-19,33,review,D-4,复习 Day 29,复习 Day 29,闭卷重写 Day 29 的一个 demo（可运行最小版本）。,,20,,,,,,
2026-03-20,34,summary,,C++：典型手写：String/Vector 简化版（只要关键接口）,Python：典型手写：LRU/线程池/限流器（任选）,当日目标：C++ 完成 1 个主题+demo；Python 完成 1 个主题+demo；完成 1 次口述复盘。,,,,,2026-03-21,2026-03-24,2026-03-30,2026-04-10
2026-03-20,34,deliverable,选一个题,C++：典型手写：String/Vector 简化版（只要关键接口）,Python：典型手写：LRU/线程池/限流器（任选）,选一个题：两种语言都写一遍（重点：接口设计+边界）。,,,,,2026-03-21,2026-03-24,2026-03-30,2026-04-10
2026-03-20,34,review,D-1,复习 Day 33,复习 Day 33,闭卷口述 Day 33：C++ 1 个点 + Python 1 个点（各 2 分钟）。,,10,,,,,,
2026-03-20,34,review,D-4,复习 Day 30,复习 Day 30,闭卷重写 Day 30 的一个 demo（可运行最小版本）。,,20,,,,,,
2026-03-21,35,summary,,周复盘：工程化与系统基础,周复盘：服务端常问点,当日目标：C++ 完成 1 个主题+demo；Python 完成 1 个主题+demo；完成 1 次口述复盘。,,,,,2026-03-22,2026-03-25,2026-03-31,2026-04-11
2026-03-21,35,deliverable,模拟面试,周复盘：工程化与系统基础,周复盘：服务端常问点,模拟面试：给一个线上故障，要求你说排查路径与修复方案（10min）。,,,,,2026-03-22,2026-03-25,2026-03-31,2026-04-11
2026-03-21,35,review,D-1,复习 Day 34,复习 Day 34,闭卷口述 Day 34：C++ 1 个点 + Python 1 个点（各 2 分钟）。,,10,,,,,,
2026-03-21,35,review,D-4,复习 Day 31,复习 Day 31,闭卷重写 Day 31 的一个 demo（可运行最小版本）。,,20,,,,,,
2026-03-22,36,summary,,模拟面试 1（C++）：内存/RAII/拷贝移动/智能指针,模拟面试 1（Python）：对象模型/GC/装饰器/生成器,当日目标：C++ 完成 1 个主题+demo；Python 完成 1 个主题+demo；完成 1 次口述复盘。,,,,,2026-03-23,2026-03-26,2026-04-01,2026-04-12
2026-03-22,36,deliverable,,模拟面试 1（C++）：内存/RAII/拷贝移动/智能指针,模拟面试 1（Python）：对象模型/GC/装饰器/生成器,各自准备 10 个高频问答，录音复听（可选）。,,,,,2026-03-23,2026-03-26,2026-04-01,2026-04-12
2026-03-22,36,review,D-1,复习 Day 35,复习 Day 35,闭卷口述 Day 35：C++ 1 个点 + Python 1 个点（各 2 分钟）。,,10,,,,,,
2026-03-22,36,review,D-4,复习 Day 32,复习 Day 32,闭卷重写 Day 32 的一个 demo（可运行最小版本）。,,20,,,,,,
2026-03-23,37,summary,,模拟面试 2（C++）：STL/复杂度/迭代器失效/比较器,模拟面试 2（Python）：dict/list/排序/key/切片成本,当日目标：C++ 完成 1 个主题+demo；Python 完成 1 个主题+demo；完成 1 次口述复盘。,,,,,2026-03-24,2026-03-27,2026-04-02,2026-04-13
2026-03-23,37,deliverable,,模拟面试 2（C++）：STL/复杂度/迭代器失效/比较器,模拟面试 2（Python）：dict/list/排序/key/切片成本,现场手写：一个容器类 + 说明复杂度。,,,,,2026-03-24,2026-03-27,2026-04-02,2026-04-13
2026-03-23,37,review,D-1,复习 Day 36,复习 Day 36,闭卷口述 Day 36：C++ 1 个点 + Python 1 个点（各 2 分钟）。,,10,,,,,,
2026-03-23,37,review,D-4,复习 Day 33,复习 Day 33,闭卷重写 Day 33 的一个 demo（可运行最小版本）。,,20,,,,,,
2026-03-24,38,summary,,模拟面试 3（C++）：并发：mutex/cv/死锁/atomic,模拟面试 3（Python）：GIL/线程/进程/asyncio 取舍,当日目标：C++ 完成 1 个主题+demo；Python 完成 1 个主题+demo；完成 1 次口述复盘。,,,,,2026-03-25,2026-03-28,2026-04-03,2026-04-14
2026-03-24,38,deliverable,,模拟面试 3（C++）：并发：mutex/cv/死锁/atomic,模拟面试 3（Python）：GIL/线程/进程/asyncio 取舍,现场设计：限流器/任务队列（讲清楚吞吐与延迟）。,,,,,2026-03-25,2026-03-28,2026-04-03,2026-04-14
2026-03-24,38,review,D-1,复习 Day 37,复习 Day 37,闭卷口述 Day 37：C++ 1 个点 + Python 1 个点（各 2 分钟）。,,10,,,,,,
2026-03-24,38,review,D-4,复习 Day 34,复习 Day 34,闭卷重写 Day 34 的一个 demo（可运行最小版本）。,,20,,,,,,
2026-03-25,39,summary,,模拟面试 4（C++）：模板/编译链接/ODR,模拟面试 4（Python）：import/包管理/依赖隔离,当日目标：C++ 完成 1 个主题+demo；Python 完成 1 个主题+demo；完成 1 次口述复盘。,,,,,2026-03-26,2026-03-29,2026-04-04,2026-04-15
2026-03-25,39,deliverable,把,模拟面试 4（C++）：模板/编译链接/ODR,模拟面试 4（Python）：import/包管理/依赖隔离,把“模板为什么放头文件”“python 包怎么发布”讲成 2 分钟版本。,,,,,2026-03-26,2026-03-29,2026-04-04,2026-04-15
2026-03-25,39,review,D-1,复习 Day 38,复习 Day 38,闭卷口述 Day 38：C++ 1 个点 + Python 1 个点（各 2 分钟）。,,10,,,,,,
2026-03-25,39,review,D-4,复习 Day 35,复习 Day 35,闭卷重写 Day 35 的一个 demo（可运行最小版本）。,,20,,,,,,
2026-03-26,40,summary,,模拟面试 5（C++）：工程化：CMake/日志/排障,模拟面试 5（Python）：pytest/日志/可观测性,当日目标：C++ 完成 1 个主题+demo；Python 完成 1 个主题+demo；完成 1 次口述复盘。,,,,,2026-03-27,2026-03-30,2026-04-05,2026-04-16
2026-03-26,40,deliverable,,模拟面试 5（C++）：工程化：CMake/日志/排障,模拟面试 5（Python）：pytest/日志/可观测性,现场排障：给一段报错日志，要求你定位原因与修复（写步骤）。,,,,,2026-03-27,2026-03-30,2026-04-05,2026-04-16
2026-03-26,40,review,D-1,复习 Day 39,复习 Day 39,闭卷口述 Day 39：C++ 1 个点 + Python 1 个点（各 2 分钟）。,,10,,,,,,
2026-03-26,40,review,D-4,复习 Day 36,复习 Day 36,闭卷重写 Day 36 的一个 demo（可运行最小版本）。,,20,,,,,,
2026-03-27,41,summary,,查漏补缺日：把最不熟的 6 个点补齐并写 demo,查漏补缺日：把最不熟的 6 个点补齐并写 demo,当日目标：C++ 完成 1 个主题+demo；Python 完成 1 个主题+demo；完成 1 次口述复盘。,,,,,2026-03-28,2026-03-31,2026-04-06,2026-04-17
2026-03-27,41,deliverable,把,查漏补缺日：把最不熟的 6 个点补齐并写 demo,查漏补缺日：把最不熟的 6 个点补齐并写 demo,把“不会的点”变成可背诵的 Q&A + 可运行的最小代码。,,,,,2026-03-28,2026-03-31,2026-04-06,2026-04-17
2026-03-27,41,review,D-1,复习 Day 40,复习 Day 40,闭卷口述 Day 40：C++ 1 个点 + Python 1 个点（各 2 分钟）。,,10,,,,,,
2026-03-27,41,review,D-4,复习 Day 37,复习 Day 37,闭卷重写 Day 37 的一个 demo（可运行最小版本）。,,20,,,,,,
2026-03-28,42,summary,,系统化复盘：把 C++ 知识点整理成 1 页速记,系统化复盘：把 Python 知识点整理成 1 页速记,当日目标：C++ 完成 1 个主题+demo；Python 完成 1 个主题+demo；完成 1 次口述复盘。,,,,,2026-03-29,2026-04-01,2026-04-07,2026-04-18
2026-03-28,42,deliverable,把,系统化复盘：把 C++ 知识点整理成 1 页速记,系统化复盘：把 Python 知识点整理成 1 页速记,把速记给朋友/自己讲一遍，哪里卡就补哪里。,,,,,2026-03-29,2026-04-01,2026-04-07,2026-04-18
2026-03-28,42,review,D-1,复习 Day 41,复习 Day 41,闭卷口述 Day 41：C++ 1 个点 + Python 1 个点（各 2 分钟）。,,10,,,,,,
2026-03-28,42,review,D-4,复习 Day 38,复习 Day 38,闭卷重写 Day 38 的一个 demo（可运行最小版本）。,,20,,,,,,
2026-03-29,43,summary,,终局模拟：C++ 45min（问答+手写）,终局模拟：Python 45min（问答+手写）,当日目标：C++ 完成 1 个主题+demo；Python 完成 1 个主题+demo；完成 1 次口述复盘。,,,,,2026-03-30,2026-04-02,2026-04-08,2026-04-19
2026-03-29,43,deliverable,,终局模拟：C++ 45min（问答+手写）,终局模拟：Python 45min（问答+手写）,严格计时：不查资料。结束后写复盘：3 个亮点 + 3 个风险点。,,,,,2026-03-30,2026-04-02,2026-04-08,2026-04-19
2026-03-29,43,review,D-1,复习 Day 42,复习 Day 42,闭卷口述 Day 42：C++ 1 个点 + Python 1 个点（各 2 分钟）。,,10,,,,,,
2026-03-29,43,review,D-4,复习 Day 39,复习 Day 39,闭卷重写 Day 39 的一个 demo（可运行最小版本）。,,20,,,,,,
2026-03-30,44,summary,,终局模拟：混合题（语言点 + 小算法）,终局模拟：混合题（语言点 + 小算法）,当日目标：C++ 完成 1 个主题+demo；Python 完成 1 个主题+demo；完成 1 次口述复盘。,,,,,2026-03-31,2026-04-03,2026-04-09,2026-04-20
2026-03-30,44,deliverable,,终局模拟：混合题（语言点 + 小算法）,终局模拟：混合题（语言点 + 小算法）,用你 LeetCode 计划当天题：要求用指定语言写，并口述复杂度与边界。,,,,,2026-03-31,2026-04-03,2026-04-09,2026-04-20
2026-03-30,44,review,D-1,复习 Day 43,复习 Day 43,闭卷口述 Day 43：C++ 1 个点 + Python 1 个点（各 2 分钟）。,,10,,,,,,
2026-03-30,44,review,D-4,复习 Day 40,复习 Day 40,闭卷重写 Day 40 的一个 demo（可运行最小版本）。,,20,,,,,,
2026-03-31,45,summary,,收官：整理个人“面试故事线”（项目/挑战/结果/反思）,收官：整理个人“面试故事线”（项目/挑战/结果/反思）,当日目标：C++ 完成 1 个主题+demo；Python 完成 1 个主题+demo；完成 1 次口述复盘。,,,,,2026-04-01,2026-04-04,2026-04-10,2026-04-21
2026-03-31,45,deliverable,,收官：整理个人“面试故事线”（项目/挑战/结果/反思）,收官：整理个人“面试故事线”（项目/挑战/结果/反思）,输出最终材料：1) 语言速记 2) 错点本 3) 10 个最强回答 4) 3 个项目故事。,,,,,2026-04-01,2026-04-04,2026-04-10,2026-04-21
2026-03-31,45,review,D-1,复习 Day 44,复习 Day 44,闭卷口述 Day 44：C++ 1 个点 + Python 1 个点（各 2 分钟）。,,10,,,,,,
2026-03-31,45,review,D-4,复习 Day 41,复习 Day 41,闭卷重写 Day 41 的一个 demo（可运行最小版本）。,,20,,,,,,
